Survived,Pclass,Name,Sex,Age,SibSp,Parch,Ticket,Fare,Cabin,Embarked
0,3,108,0,22.0,1,0,559,7.25,0,0
1,1,190,1,38.0,1,0,613,71.2833,103,1
1,3,353,1,26.0,0,0,672,7.925,0,0
1,1,272,1,35.0,1,0,47,53.1,19,0
0,3,15,0,35.0,0,0,515,8.05,0,0
0,3,554,0,29.69911764705882,0,0,342,8.4583,0,2
0,1,515,0,54.0,0,0,195,51.8625,136,0
0,3,624,0,2.0,3,1,14,21.075,0,0
1,3,412,1,27.0,0,2,28,11.1333,0,0
1,2,576,1,14.0,1,0,66,30.0708,0,1
1,3,727,1,4.0,1,1,128,16.7,2,0
1,1,95,1,58.0,0,0,163,26.55,83,0
0,3,729,0,20.0,0,0,571,8.05,0,0
0,3,28,0,39.0,1,5,1,31.275,0,0
0,3,840,1,14.0,0,0,470,7.8542,0,0
1,2,359,1,55.0,0,0,245,16.0,0,0
0,3,682,0,2.0,4,1,6,29.125,0,2
1,2,867,0,29.69911764705882,0,0,243,13.0,0,0
0,3,839,1,31.0,1,0,368,18.0,0,0
1,3,512,1,29.69911764705882,0,0,268,7.225,0,1
0,2,273,0,35.0,0,0,67,26.0,0,0
1,2,80,0,34.0,0,0,244,13.0,124,0
1,3,523,1,15.0,0,0,345,8.0292,0,2
1,1,765,0,28.0,0,0,167,35.5,59,0
0,3,626,1,8.0,3,1,14,21.075,0,0
1,3,44,1,38.0,1,5,13,31.3875,0,0
0,3,240,0,29.69911764705882,0,0,264,7.225,0,1
0,1,260,0,19.0,3,2,11,263.0,1,0
1,3,605,1,29.69911764705882,0,0,350,7.8792,0,2
0,3,813,0,29.69911764705882,0,0,421,7.8958,0,0
0,1,828,0,40.0,0,0,615,27.7208,0,1
1,1,776,1,29.69911764705882,1,0,121,146.5208,76,1
1,3,289,1,29.69911764705882,0,0,355,7.75,0,2
0,2,856,0,66.0,0,0,583,10.5,0,0
0,1,535,0,28.0,1,0,123,82.1708,0,1
0,1,372,0,42.0,1,0,45,52.0,0,0
1,3,505,0,29.69911764705882,0,0,279,7.2292,0,1
0,3,134,0,21.0,0,0,551,8.05,0,0
0,3,837,1,18.0,2,0,92,18.0,0,0
1,3,589,1,14.0,1,0,78,11.2417,0,1
0,3,7,1,40.0,1,0,544,9.475,0,0
0,2,827,1,27.0,1,0,49,21.0,0,0
0,3,446,0,29.69911764705882,0,0,449,7.8958,0,1
1,2,456,1,3.0,1,2,39,41.5792,0,1
1,3,212,1,19.0,0,0,349,7.8792,0,2
0,3,697,0,29.69911764705882,0,0,625,8.05,0,0
0,3,473,0,29.69911764705882,1,0,506,15.5,0,2
1,3,604,1,29.69911764705882,0,0,190,7.75,0,2
0,3,726,0,29.69911764705882,2,0,270,21.6792,0,1
0,3,38,1,18.0,1,0,95,17.8,0,0
0,3,629,0,7.0,4,1,3,39.6875,0,0
0,3,594,0,21.0,0,0,558,7.8,0,0
1,1,333,1,49.0,1,0,35,76.7292,34,1
1,2,246,1,29.0,1,0,310,26.0,0,0
0,1,620,0,65.0,0,1,158,61.9792,65,1
1,1,873,0,29.69911764705882,0,0,200,35.5,24,0
1,2,707,1,21.0,0,0,588,10.5,0,0
0,3,595,0,28.5,0,0,290,7.2292,0,1
1,2,853,1,5.0,1,2,33,27.75,0,0
0,3,299,0,11.0,5,2,5,46.9,0,0
0,3,749,0,22.0,0,0,274,7.2292,0,1
1,1,385,1,38.0,0,0,43,80.0,11,0
0,1,337,0,45.0,1,0,104,83.475,28,0
0,3,755,0,4.0,3,2,4,27.9,0,0
0,1,784,0,29.69911764705882,0,0,617,27.7208,0,1
1,3,560,0,29.69911764705882,1,1,81,15.2458,0,1
1,2,596,1,29.0,0,0,586,10.5,7,0
0,3,185,0,19.0,0,0,628,8.1583,0,0
1,3,25,1,17.0,4,2,317,7.925,0,0
0,3,440,0,26.0,2,0,337,8.6625,0,0
0,2,396,0,32.0,0,0,589,10.5,0,0
0,3,300,1,16.0,5,2,5,46.9,0,0
0,2,376,0,21.0,0,0,7,73.5,0,0
0,3,161,0,26.0,1,0,280,14.4542,0,1
1,3,87,0,32.0,0,0,0,56.4958,0,0
0,3,546,0,25.0,0,0,406,7.65,44,0
0,3,778,0,29.69911764705882,0,0,414,7.8958,0,0
0,3,563,0,29.69911764705882,0,0,516,8.05,0,0
1,2,127,0,0.83,0,2,71,29.0,0,0
1,3,223,1,30.0,0,0,98,12.475,0,0
0,3,842,0,22.0,0,0,370,9.0,0,0
1,3,737,0,29.0,0,0,376,9.5,0,0
1,3,519,1,29.69911764705882,0,0,347,7.7875,0,2
0,1,141,0,28.0,0,0,155,47.1,0,0
1,2,386,1,17.0,0,0,641,10.5,0,0
1,3,52,1,33.0,3,0,90,15.85,0,0
0,3,255,0,16.0,1,3,18,34.375,0,0
0,3,764,0,29.69911764705882,0,0,656,8.05,0,0
1,1,259,1,23.0,3,2,11,263.0,1,0
0,3,149,0,24.0,0,0,364,8.05,0,0
0,3,159,0,29.0,0,0,365,8.05,0,0
0,3,31,0,20.0,0,0,401,7.8542,0,0
0,1,150,0,46.0,1,0,679,61.175,131,0
0,3,209,0,26.0,1,2,113,20.575,0,0
0,3,184,0,59.0,0,0,481,7.25,0,0
0,3,740,0,29.69911764705882,0,0,518,8.05,0,0
0,1,292,0,71.0,0,0,621,34.6542,58,1
1,1,308,0,23.0,0,1,623,63.3583,110,1
1,2,219,1,34.0,0,1,65,23.0,0,0
0,2,422,0,34.0,1,0,70,26.0,0,0
0,3,656,1,28.0,0,0,442,7.8958,0,0
0,3,658,0,29.69911764705882,0,0,420,7.8958,0,0
0,1,858,0,21.0,0,1,96,77.2875,33,0
0,3,405,0,33.0,0,0,542,8.6542,0,0
0,3,312,0,37.0,2,0,315,7.925,0,0
0,3,542,0,28.0,0,0,413,7.8958,0,0
1,3,724,1,21.0,0,0,363,7.65,0,0
1,3,559,0,29.69911764705882,0,0,321,7.775,0,0
0,3,675,0,38.0,0,0,446,7.8958,0,0
1,3,552,1,29.69911764705882,1,0,31,24.15,0,2
0,1,667,0,47.0,0,0,40,52.0,86,0
0,3,882,1,14.5,1,0,82,14.4542,0,1
0,3,67,0,22.0,0,0,341,8.05,0,0
0,3,417,1,20.0,1,0,530,9.825,0,0
0,3,46,1,17.0,0,0,76,14.4583,0,1
0,3,645,0,21.0,0,0,670,7.925,0,0
0,3,178,0,70.5,0,0,504,7.75,0,2
0,2,826,0,29.0,1,0,49,21.0,0,0
0,1,70,0,24.0,0,1,120,247.5208,17,1
0,3,24,1,2.0,4,2,1,31.275,0,0
0,2,362,0,21.0,2,0,7,73.5,0,0
0,3,551,0,29.69911764705882,0,0,575,8.05,0,0
0,2,575,0,32.5,1,0,66,30.0708,0,1
1,2,848,1,32.5,0,0,293,13.0,5,0
0,1,857,0,54.0,0,1,96,77.2875,33,0
1,3,588,0,12.0,1,0,78,11.2417,0,1
0,3,525,0,29.69911764705882,0,0,507,7.75,0,2
1,3,499,0,24.0,0,0,576,7.1417,0,0
1,3,653,1,29.69911764705882,1,1,83,22.3583,143,1
0,3,234,0,45.0,0,0,382,6.975,0,0
0,3,225,0,33.0,0,0,438,7.8958,0,1
0,3,165,0,20.0,0,0,644,7.05,0,0
0,3,695,1,47.0,1,0,572,14.5,0,0
1,2,851,1,29.0,1,0,214,26.0,0,0
0,2,772,0,25.0,0,0,585,13.0,0,0
0,2,685,0,23.0,0,0,635,15.0458,0,1
1,1,585,1,19.0,0,2,174,26.2833,120,0
0,1,271,0,37.0,1,0,47,53.1,19,0
0,3,618,0,16.0,0,0,110,9.2167,0,0
0,1,282,0,24.0,0,0,122,79.2,80,1
0,3,99,1,29.69911764705882,0,2,84,15.2458,0,1
1,3,597,1,22.0,0,0,394,7.75,0,0
1,3,319,1,24.0,1,0,131,15.85,0,0
0,3,116,0,19.0,0,0,489,6.75,0,2
0,2,32,0,18.0,0,0,217,11.5,0,0
0,2,586,0,19.0,1,1,115,36.75,0,0
1,3,29,0,27.0,0,0,462,7.7958,0,0
0,3,254,1,9.0,2,2,18,34.375,0,0
0,2,580,0,36.5,0,2,22,26.0,6,0
0,2,121,0,42.0,0,0,240,13.0,0,0
0,2,68,0,51.0,0,0,627,12.525,0,0
1,1,643,1,22.0,1,0,44,66.6,23,0
0,3,532,0,55.5,0,0,553,8.05,0,0
0,3,889,0,40.5,0,2,573,14.5,0,0
0,3,612,0,29.69911764705882,0,0,599,7.3125,0,0
0,1,866,0,51.0,0,1,612,61.3792,0,1
1,3,287,1,16.0,0,0,473,7.7333,0,2
0,3,181,0,30.0,0,0,658,8.05,0,0
0,3,767,0,29.69911764705882,0,0,325,8.6625,0,0
0,3,716,0,29.69911764705882,8,2,2,69.55,0,0
0,3,186,0,44.0,0,1,513,16.1,0,0
1,2,847,1,40.0,0,0,590,15.75,0,0
0,3,82,0,26.0,0,0,387,7.775,0,0
0,3,129,0,17.0,0,0,332,8.6625,0,0
0,3,628,0,1.0,4,1,3,39.6875,0,0
1,3,293,0,9.0,0,2,30,20.525,0,0
1,1,157,1,29.69911764705882,0,1,42,55.0,40,0
0,3,760,1,45.0,1,4,4,27.9,0,0
0,1,69,0,29.69911764705882,0,0,600,25.925,0,0
0,3,486,0,28.0,0,0,0,56.4958,0,0
0,1,832,0,61.0,0,0,136,33.5,63,0
0,3,680,0,4.0,4,1,6,29.125,0,2
1,3,408,1,1.0,1,1,28,11.1333,0,0
0,3,752,0,21.0,0,0,663,7.925,0,0
0,1,769,0,56.0,0,0,199,30.6958,60,1
0,3,444,0,18.0,1,1,469,7.8542,0,0
0,3,464,0,29.69911764705882,3,1,15,25.4667,0,0
0,1,388,1,50.0,0,0,610,28.7125,96,1
0,2,320,0,30.0,0,0,256,13.0,0,0
0,3,474,0,36.0,0,0,16,0.0,0,0
0,3,717,1,29.69911764705882,8,2,2,69.55,0,0
0,2,650,0,29.69911764705882,0,0,634,15.05,0,1
0,3,41,0,9.0,4,2,13,31.3875,0,0
1,2,76,0,1.0,2,1,63,39.0,45,0
1,3,441,1,4.0,0,2,338,22.025,0,0
0,1,700,0,29.69911764705882,0,0,161,50.0,55,0
1,3,601,1,29.69911764705882,1,0,106,15.5,0,2
1,1,698,0,45.0,0,0,141,26.55,0,0
0,3,101,0,40.0,1,1,99,15.5,0,2
0,3,823,0,36.0,0,0,444,7.8958,0,0
1,2,664,1,32.0,0,0,221,13.0,0,0
0,2,136,0,19.0,0,0,300,13.0,0,0
1,3,20,1,19.0,1,0,463,7.8542,0,0
1,2,579,0,3.0,1,1,22,26.0,6,0
1,1,113,1,44.0,0,0,619,27.7208,69,1
1,1,495,1,58.0,0,0,121,146.5208,78,1
0,3,533,0,29.69911764705882,0,0,501,7.75,0,2
0,3,611,0,42.0,0,1,533,8.4042,0,0
1,3,497,1,29.69911764705882,0,0,505,7.75,0,2
0,2,881,1,24.0,0,0,250,13.0,0,0
0,3,834,0,28.0,0,0,372,9.5,0,0
0,3,721,0,29.69911764705882,8,2,2,69.55,0,0
0,3,403,0,34.0,0,0,312,6.4958,0,0
0,3,878,0,45.5,0,0,262,7.225,0,1
1,3,166,0,18.0,0,0,566,8.05,0,0
0,3,789,1,2.0,0,1,93,10.4625,2,0
0,3,51,0,32.0,1,0,90,15.85,0,0
1,3,9,0,26.0,0,0,86,18.7875,0,1
1,3,140,1,16.0,0,0,494,7.75,0,2
1,1,94,0,40.0,0,0,147,31.0,54,1
0,3,12,0,24.0,0,0,646,7.05,0,0
1,2,131,1,35.0,0,0,597,21.0,0,0
0,3,649,0,22.0,0,0,562,7.25,0,0
0,2,288,0,30.0,0,0,252,13.0,0,0
0,3,437,0,29.69911764705882,1,0,493,7.75,0,2
1,1,582,1,31.0,1,0,29,113.275,36,1
1,3,375,1,27.0,0,0,673,7.925,0,0
0,2,390,0,42.0,1,0,68,27.0,0,0
1,1,72,1,32.0,0,0,181,76.2917,112,1
0,2,338,0,30.0,0,0,680,10.5,0,0
1,3,791,0,16.0,0,0,657,8.05,0,0
0,2,105,0,27.0,0,0,209,13.0,0,0
0,3,306,0,51.0,0,0,206,8.05,0,0
0,3,581,0,29.69911764705882,0,0,434,7.8958,0,0
1,1,379,0,38.0,1,0,60,90.0,30,0
0,3,83,0,22.0,0,0,624,9.35,0,0
1,2,531,0,19.0,0,0,675,10.5,0,0
0,3,492,0,20.5,0,0,561,7.25,0,0
0,2,243,0,18.0,0,0,224,13.0,0,0
0,3,467,1,29.69911764705882,3,1,15,25.4667,0,0
1,1,339,1,35.0,1,0,104,83.475,28,0
0,3,460,0,29.0,0,0,386,7.775,0,0
0,2,754,0,59.0,0,0,227,13.5,0,0
1,3,43,1,5.0,4,2,13,31.3875,0,0
0,2,479,0,24.0,0,0,587,10.5,0,0
0,3,329,1,29.69911764705882,0,0,678,7.55,0,0
0,2,370,0,44.0,1,0,275,26.0,0,0
1,2,172,1,8.0,0,2,32,26.25,0,0
0,2,648,0,19.0,0,0,304,10.5,0,0
0,2,383,0,33.0,0,0,640,12.275,0,0
0,3,883,1,29.69911764705882,1,0,82,14.4542,0,1
1,3,567,1,29.69911764705882,1,0,101,15.5,0,2
0,2,169,0,29.0,0,0,677,10.5,0,0
0,3,500,0,22.0,0,0,662,7.125,0,0
0,3,47,0,30.0,0,0,288,7.225,0,1
0,1,539,0,44.0,2,0,59,90.0,27,2
0,3,481,1,25.0,0,0,389,7.775,0,0
1,2,322,1,24.0,0,2,74,14.5,0,0
1,1,78,0,37.0,1,1,50,52.5542,35,0
0,2,147,0,54.0,1,0,69,26.0,0,0
0,3,673,0,29.69911764705882,0,0,476,7.25,0,0
0,3,790,1,29.0,1,1,93,10.4625,2,0
0,1,782,0,62.0,0,0,160,26.55,105,0
0,3,487,0,30.0,1,0,112,16.1,0,0
0,3,702,1,41.0,0,2,105,20.2125,0,0
1,3,819,1,29.0,0,2,269,15.2458,0,1
1,1,808,1,29.69911764705882,0,0,607,79.2,0,1
1,1,156,1,30.0,0,0,19,86.5,18,0
1,1,844,1,35.0,0,0,37,512.3292,0,1
1,2,636,1,50.0,0,1,64,26.0,0,0
0,3,771,0,29.69911764705882,0,0,523,7.75,0,2
1,3,42,0,3.0,4,2,13,31.3875,0,0
0,1,799,0,52.0,1,1,20,79.65,42,0
0,1,340,0,40.0,0,0,146,0.0,81,0
0,3,356,1,29.69911764705882,0,0,520,7.75,0,2
0,2,674,0,36.0,0,0,581,10.5,0,0
0,3,631,0,16.0,4,1,3,39.6875,0,0
1,3,652,0,25.0,1,0,395,7.775,0,0
1,1,305,1,58.0,0,1,36,153.4625,21,0
1,1,91,1,35.0,0,0,38,135.6333,109,0
0,1,125,0,29.69911764705882,0,0,46,31.0,0,0
1,3,817,0,25.0,0,0,16,0.0,0,0
1,2,530,1,41.0,0,1,72,19.5,0,0
0,1,577,0,37.0,0,1,611,29.7,88,1
1,3,350,1,29.69911764705882,0,0,509,7.75,0,2
1,1,33,1,63.0,1,0,21,77.9583,126,0
0,3,482,1,45.0,0,0,390,7.75,0,0
0,2,634,0,29.69911764705882,0,0,23,0.0,0,0
0,3,681,0,7.0,4,1,6,29.125,0,2
1,3,2,1,35.0,1,1,114,20.25,0,0
0,3,227,0,65.0,0,0,357,7.75,0,2
0,3,614,0,28.0,0,0,400,7.8542,0,0
0,3,887,0,16.0,0,0,375,9.5,0,0
1,3,221,0,19.0,0,0,569,8.05,0,0
0,1,770,0,29.69911764705882,0,0,154,26.0,49,0
0,3,779,0,33.0,0,0,436,8.6625,0,1
1,3,886,0,30.0,0,0,373,9.5,0,0
0,3,570,0,22.0,0,0,412,7.8958,0,0
1,2,378,0,42.0,0,0,232,13.0,0,0
1,3,177,1,22.0,0,0,508,7.75,0,2
1,1,65,1,26.0,0,0,58,78.85,0,0
1,1,90,1,19.0,1,0,52,91.0792,13,1
0,2,477,0,36.0,0,0,639,12.875,4,1
0,3,315,1,24.0,0,0,435,8.85,0,0
0,3,541,0,24.0,0,0,433,7.8958,0,0
0,1,478,0,29.69911764705882,0,0,620,27.7208,0,1
0,3,324,0,23.5,0,0,287,7.2292,0,1
0,1,17,1,2.0,1,2,9,151.55,3,0
1,1,714,0,29.69911764705882,0,0,203,30.5,85,0
1,1,71,1,50.0,0,1,120,247.5208,17,1
1,3,431,1,29.69911764705882,0,0,550,7.75,0,2
1,3,518,0,29.69911764705882,2,0,100,23.25,0,2
0,3,411,0,19.0,0,0,16,0.0,0,0
1,2,428,1,29.69911764705882,0,0,212,12.35,5,2
0,3,868,0,29.69911764705882,0,0,563,8.05,0,0
1,1,16,0,0.92,1,2,9,151.55,3,0
1,1,248,1,29.69911764705882,0,0,10,110.8833,0,1
1,1,647,1,17.0,1,0,126,108.9,25,1
0,2,3,0,30.0,1,0,117,24.0,0,1
1,1,263,1,30.0,0,0,119,56.9292,133,1
1,1,348,1,24.0,0,0,51,83.1583,98,1
1,1,710,1,18.0,2,2,124,262.375,16,1
0,2,449,1,26.0,1,1,254,26.0,0,0
0,3,355,0,28.0,0,0,440,7.8958,0,0
0,2,342,0,43.0,1,1,34,26.25,0,0
1,3,590,1,26.0,0,0,403,7.8542,0,0
1,2,423,1,24.0,1,0,70,26.0,0,0
0,2,555,0,54.0,0,0,305,14.0,0,0
1,1,859,1,31.0,0,2,102,164.8667,100,0
1,1,775,1,40.0,1,1,55,134.5,132,1
0,3,211,0,22.0,0,0,560,7.25,0,0
0,3,200,0,27.0,0,0,424,7.8958,0,0
1,2,762,1,30.0,0,0,223,12.35,0,2
1,2,128,1,22.0,1,1,71,29.0,0,0
0,3,722,0,29.69911764705882,8,2,2,69.55,0,0
1,1,877,1,36.0,0,0,38,135.6333,92,1
0,3,598,0,61.0,0,0,366,6.2375,0,0
1,2,60,1,36.0,0,0,302,13.0,4,0
1,3,295,1,31.0,1,1,30,20.525,0,0
1,1,363,1,16.0,0,1,41,57.9792,8,1
1,3,517,1,29.69911764705882,2,0,100,23.25,0,2
0,1,637,0,45.5,0,0,150,28.5,20,0
0,1,304,0,38.0,0,1,36,153.4625,107,0
0,3,838,0,16.0,2,0,92,18.0,0,0
1,1,265,1,29.69911764705882,1,0,125,133.65,0,0
0,3,210,0,29.69911764705882,0,0,429,7.8958,0,0
0,1,642,0,29.0,1,0,44,66.6,23,0
1,1,117,1,41.0,0,0,55,134.5,135,1
1,3,192,0,45.0,0,0,547,8.05,0,0
0,1,93,0,45.0,0,0,164,35.5,146,0
1,2,578,0,2.0,1,1,22,26.0,6,0
1,1,258,1,24.0,3,2,11,263.0,1,0
0,2,170,0,28.0,0,0,249,13.0,0,0
0,2,733,0,25.0,0,0,242,13.0,0,0
0,2,262,0,36.0,0,0,215,13.0,0,0
1,2,111,1,24.0,0,0,248,13.0,7,0
1,2,768,1,40.0,0,0,324,13.0,0,0
1,3,207,1,29.69911764705882,1,0,524,16.1,0,0
1,3,183,0,3.0,1,1,116,15.9,0,0
0,3,215,0,42.0,0,0,329,8.6625,0,0
0,3,608,0,23.0,0,0,541,9.225,0,0
0,1,870,0,29.69911764705882,0,0,159,35.0,89,0
0,3,237,0,15.0,1,1,289,7.2292,0,1
0,3,37,0,25.0,1,0,95,17.8,0,0
0,3,879,0,29.69911764705882,0,0,266,7.225,0,1
0,3,835,0,28.0,0,0,379,9.5,0,0
1,1,104,1,22.0,0,1,42,55.0,40,0
0,2,270,1,38.0,0,0,230,13.0,0,0
1,3,522,1,29.69911764705882,0,0,346,7.8792,0,2
1,3,545,1,29.69911764705882,0,0,352,7.8792,0,2
0,3,759,0,40.0,1,4,4,27.9,0,0
0,2,888,0,29.0,1,0,638,27.7208,0,1
0,3,64,1,45.0,0,1,85,14.4542,0,1
0,3,40,0,35.0,0,0,645,7.05,0,0
0,3,599,0,29.69911764705882,1,0,106,15.5,0,2
0,3,5,0,30.0,0,0,579,7.25,0,0
1,1,845,1,60.0,1,0,135,75.25,117,1
1,3,562,1,29.69911764705882,0,0,261,7.2292,0,1
1,3,400,1,29.69911764705882,0,0,192,7.75,0,2
1,1,48,1,24.0,0,0,118,69.3,12,1
1,1,328,0,25.0,1,0,177,55.4417,138,1
0,3,863,0,18.0,1,0,314,6.4958,0,0
0,3,75,0,19.0,0,0,340,8.05,0,0
0,1,690,0,22.0,0,0,38,135.6333,0,1
0,3,625,1,3.0,3,1,14,21.075,0,0
1,1,536,1,29.69911764705882,1,0,123,82.1708,0,1
1,3,454,1,22.0,0,0,580,7.25,0,0
0,1,862,0,27.0,0,2,157,211.5,102,1
0,3,85,0,20.0,0,0,267,4.0125,0,1
0,3,314,0,19.0,0,0,388,7.775,0,0
1,1,86,1,42.0,0,0,17,227.525,0,1
1,3,572,1,1.0,0,2,79,15.7417,0,1
0,3,811,0,32.0,0,0,669,7.925,0,0
1,1,373,1,35.0,1,0,45,52.0,0,0
0,3,665,0,29.69911764705882,0,0,430,7.8958,0,0
0,2,205,0,18.0,0,0,7,73.5,0,0
0,3,298,0,1.0,5,2,5,46.9,0,0
1,2,118,1,36.0,0,0,294,13.0,0,0
0,3,715,0,29.69911764705882,0,0,496,7.7292,0,2
1,2,468,1,17.0,0,0,630,12.0,0,1
1,1,144,0,36.0,1,2,8,120.0,0,0
1,3,393,0,21.0,0,0,458,7.7958,0,0
0,3,313,0,28.0,2,0,316,7.925,0,0
1,1,583,1,23.0,1,0,29,113.275,36,1
1,3,728,1,24.0,0,2,128,16.7,2,0
0,3,404,0,22.0,0,0,467,7.7958,0,0
0,3,613,1,31.0,0,0,471,7.8542,0,0
0,2,524,0,46.0,0,0,87,26.0,0,0
0,2,623,0,23.0,0,0,239,10.5,0,0
1,2,821,1,28.0,0,0,236,12.65,0,0
1,3,592,0,39.0,0,0,667,7.925,0,0
0,3,6,0,26.0,0,0,359,8.05,0,0
0,3,418,1,21.0,1,0,531,9.825,0,0
0,3,318,0,28.0,1,0,131,15.85,0,0
0,3,616,1,20.0,0,0,334,8.6625,0,0
0,2,274,0,34.0,1,0,303,21.0,0,0
0,3,861,0,51.0,0,0,385,7.75,0,0
1,2,687,0,3.0,1,1,26,18.75,0,0
0,3,88,0,21.0,0,0,322,7.775,0,0
0,3,465,1,29.69911764705882,3,1,15,25.4667,0,0
0,3,732,0,29.69911764705882,0,0,426,7.8958,0,0
0,3,343,0,29.69911764705882,0,0,527,6.8583,0,2
1,1,540,1,33.0,1,0,59,90.0,27,2
0,2,191,0,29.69911764705882,0,0,23,0.0,0,0
1,3,792,0,44.0,0,0,659,7.925,0,0
0,3,528,1,29.69911764705882,0,0,362,8.05,0,0
1,2,226,1,34.0,1,1,298,32.5,0,0
1,2,742,1,18.0,0,2,255,13.0,0,0
0,2,513,0,30.0,0,0,299,13.0,0,0
0,3,829,1,10.0,0,2,27,24.15,0,0
0,3,281,0,29.69911764705882,0,0,450,7.8958,0,1
0,3,155,0,21.0,0,0,570,7.7333,0,2
0,3,884,0,29.0,0,0,326,7.875,0,0
0,3,198,1,28.0,1,1,94,14.4,0,0
0,3,701,0,18.0,1,1,105,20.2125,0,0
0,3,872,0,29.69911764705882,0,0,557,7.25,0,0
1,2,162,1,28.0,1,0,204,26.0,0,0
1,2,662,1,19.0,0,0,75,26.0,0,0
0,3,249,0,29.69911764705882,0,0,488,7.75,0,2
1,3,663,0,32.0,0,0,648,8.05,128,0
1,1,92,0,28.0,0,0,134,26.55,24,0
1,3,810,1,29.69911764705882,1,0,107,16.1,0,0
1,2,491,1,42.0,1,0,632,26.0,0,0
0,3,420,0,17.0,0,0,661,7.125,0,0
0,1,744,0,50.0,1,0,54,55.9,41,0
1,1,143,1,14.0,1,2,8,120.0,0,0
0,3,253,1,21.0,2,2,18,34.375,0,0
1,2,688,1,24.0,2,3,26,18.75,0,0
0,1,261,0,64.0,1,4,11,263.0,1,0
0,2,447,0,31.0,0,0,582,10.5,0,0
1,2,344,1,45.0,1,1,34,26.25,0,0
0,3,323,0,20.0,0,0,371,9.5,0,0
0,3,659,0,25.0,1,0,392,7.775,0,0
1,2,679,1,28.0,0,0,216,13.0,0,0
1,3,402,0,29.69911764705882,0,0,537,8.1125,0,0
1,1,216,0,4.0,0,2,356,81.8583,56,0
1,2,529,1,13.0,0,1,72,19.5,0,0
1,1,735,0,34.0,0,0,169,26.55,0,0
1,3,55,1,5.0,2,1,12,19.2583,0,1
1,1,661,0,52.0,0,0,165,30.5,84,0
0,2,854,0,36.0,1,2,33,27.75,0,0
0,3,316,0,29.69911764705882,1,0,535,19.9667,0,0
0,1,257,0,30.0,0,0,152,27.75,87,1
1,1,290,0,49.0,1,0,56,89.1042,29,1
0,3,644,0,29.69911764705882,0,0,564,8.05,0,0
1,3,392,0,29.0,0,0,437,7.8958,0,1
0,1,537,0,65.0,0,0,187,26.55,134,0
1,1,436,1,29.69911764705882,1,0,196,51.8625,114,0
1,2,815,1,50.0,0,0,598,10.5,0,0
0,3,603,0,29.69911764705882,0,0,512,7.75,0,2
1,1,21,0,48.0,0,0,201,26.55,129,0
0,3,557,0,34.0,0,0,482,8.05,0,0
0,1,280,0,47.0,0,0,137,38.5,140,0
0,2,538,0,48.0,0,0,220,13.0,0,0
0,3,502,0,29.69911764705882,0,0,574,8.05,0,0
0,3,296,0,38.0,0,0,643,7.05,0,0
0,2,132,0,29.69911764705882,0,0,23,0.0,0,0
0,1,766,0,56.0,0,0,168,26.55,0,0
0,3,731,0,29.69911764705882,0,0,475,7.725,0,2
1,3,54,1,0.75,2,1,12,19.2583,0,1
0,3,430,0,29.69911764705882,0,0,339,7.25,0,0
0,3,124,0,38.0,0,0,330,8.6625,0,0
1,2,855,1,33.0,1,2,33,27.75,0,0
1,2,401,1,23.0,0,0,633,13.7917,4,1
0,3,787,1,22.0,0,0,546,9.8375,0,0
0,1,164,0,29.69911764705882,0,0,40,52.0,47,0
0,2,676,0,34.0,1,0,91,21.0,0,0
0,3,107,0,29.0,1,0,380,7.0458,0,0
0,3,425,0,22.0,0,0,468,7.5208,0,0
1,3,365,1,2.0,0,1,319,12.2875,0,0
0,3,297,0,9.0,5,2,5,46.9,0,0
0,2,268,0,29.69911764705882,0,0,233,0.0,0,0
0,3,706,0,50.0,0,0,567,8.05,0,0
1,3,825,1,63.0,0,0,528,9.5875,0,0
1,1,89,0,25.0,1,0,52,91.0792,13,1
0,3,466,1,29.69911764705882,3,1,15,25.4667,0,0
1,1,381,1,35.0,1,0,60,90.0,30,0
0,1,435,0,58.0,0,0,179,29.7,66,1
0,3,774,0,30.0,0,0,554,8.05,0,0
1,3,182,0,9.0,1,1,116,15.9,0,0
0,3,317,0,29.69911764705882,1,0,536,19.9667,0,0
0,3,871,0,21.0,0,0,653,7.25,0,0
0,1,547,0,55.0,0,0,166,30.5,91,0
0,1,39,0,71.0,0,0,618,49.5042,0,1
0,3,781,0,21.0,0,0,555,8.05,0,0
0,3,880,0,29.69911764705882,0,0,76,14.4583,0,1
1,1,242,1,54.0,1,0,103,78.2667,32,1
0,3,738,0,29.69911764705882,0,0,593,15.1,0,0
0,1,18,1,25.0,1,2,9,151.55,3,0
0,3,796,0,24.0,0,0,459,7.7958,0,0
0,3,130,0,17.0,0,0,328,8.6625,0,0
0,3,133,1,21.0,0,0,485,7.75,0,2
0,3,607,1,29.69911764705882,0,0,343,7.6292,0,2
0,3,450,1,37.0,0,0,529,9.5875,0,0
1,1,501,1,16.0,0,0,19,86.5,77,0
0,1,646,0,18.0,1,0,126,108.9,25,1
1,2,670,1,33.0,0,2,77,26.0,0,0
1,1,106,0,29.69911764705882,0,0,140,26.55,0,0
0,3,610,0,28.0,0,0,577,22.525,0,0
1,3,455,0,26.0,0,0,0,56.4958,0,0
1,3,195,0,29.0,0,0,521,7.75,0,2
0,3,849,0,29.69911764705882,0,0,652,8.05,0,0
1,1,521,0,36.0,0,0,601,26.2875,39,0
1,1,705,1,54.0,1,0,616,59.4,0,1
0,3,168,0,24.0,0,0,415,7.4958,0,0
0,1,843,0,47.0,0,0,503,34.0208,119,0
1,2,472,1,34.0,0,0,591,10.5,7,0
0,3,709,0,29.69911764705882,0,0,31,24.15,0,2
1,2,35,1,36.0,1,0,213,26.0,0,0
0,3,641,0,32.0,0,0,439,7.8958,0,0
1,1,651,1,30.0,0,0,53,93.5,75,0
0,3,841,0,22.0,0,0,448,7.8958,0,0
0,3,448,0,29.69911764705882,0,0,259,7.225,0,1
1,1,364,1,44.0,0,1,41,57.9792,8,1
0,3,427,0,29.69911764705882,0,0,291,7.2292,0,1
0,3,244,0,40.5,0,0,495,7.75,0,2
1,2,689,1,50.0,0,0,676,10.5,0,0
0,1,245,0,29.69911764705882,0,0,606,221.7792,108,0
0,3,725,0,39.0,0,0,318,7.925,0,0
0,2,366,0,23.0,2,1,307,11.5,0,0
1,2,669,1,2.0,1,1,77,26.0,0,0
0,3,818,0,29.69911764705882,0,0,265,7.2292,0,1
0,3,236,0,17.0,1,1,286,7.2292,0,1
1,3,654,1,29.69911764705882,0,2,83,22.3583,0,1
0,3,123,1,30.0,0,0,327,8.6625,0,0
1,2,341,1,7.0,0,2,34,26.25,0,0
0,1,120,0,45.0,0,0,151,26.55,67,0
1,1,461,1,30.0,0,0,127,106.425,0,1
0,3,692,0,29.69911764705882,0,0,479,14.5,0,0
1,1,266,1,22.0,0,2,189,49.5,68,1
1,1,188,1,36.0,0,2,133,71.0,10,0
0,3,26,1,9.0,4,2,1,31.275,0,0
0,3,27,1,11.0,4,2,1,31.275,0,0
1,2,73,0,32.0,1,0,88,26.0,0,0
0,1,222,0,50.0,1,0,127,106.425,104,1
0,1,587,0,64.0,0,0,539,26.0,0,0
1,2,74,1,19.0,1,0,88,26.0,0,0
1,2,622,0,29.69911764705882,0,0,636,13.8625,0,1
0,3,294,0,33.0,1,1,30,20.525,0,0
1,2,203,0,8.0,1,1,115,36.75,0,0
1,1,804,0,17.0,0,2,10,110.8833,101,1
0,2,736,0,27.0,0,0,241,26.0,0,0
0,3,600,0,29.69911764705882,0,0,351,7.8292,0,2
1,3,463,0,22.0,0,0,257,7.225,0,1
1,3,609,1,22.0,0,0,396,7.775,0,0
0,1,874,0,62.0,0,0,173,26.55,0,0
1,1,228,1,48.0,1,0,176,39.6,48,1
0,1,693,0,29.69911764705882,0,0,17,227.525,0,1
1,1,800,1,39.0,1,1,20,79.65,42,0
1,3,885,1,36.0,1,0,367,17.4,0,0
0,3,558,0,29.69911764705882,0,0,514,7.75,0,2
0,3,751,0,40.0,0,0,447,7.8958,0,0
0,2,593,0,28.0,0,0,207,13.5,0,0
0,3,746,0,29.69911764705882,0,0,655,8.05,0,0
0,3,527,1,29.69911764705882,0,0,649,8.05,0,0
0,3,204,0,24.0,2,0,111,24.15,0,0
0,3,786,0,19.0,0,0,411,7.8958,0,0
0,3,627,1,29.0,0,4,14,21.075,0,0
0,3,217,0,29.69911764705882,0,0,283,7.2292,0,1
1,3,416,0,32.0,0,0,472,7.8542,0,0
1,2,336,0,62.0,0,0,629,10.5,0,0
1,1,36,1,53.0,2,0,178,51.4792,82,0
1,1,251,0,36.0,0,0,602,26.3875,39,0
1,3,432,1,29.69911764705882,0,0,191,7.75,0,2
0,3,708,0,16.0,0,0,556,8.05,0,0
0,3,639,0,19.0,0,0,97,14.5,0,0
1,2,277,1,34.0,0,0,237,13.0,0,0
1,1,745,1,39.0,1,0,54,55.9,41,0
0,3,135,1,29.69911764705882,1,0,285,14.4583,0,1
1,3,419,0,32.0,0,0,665,7.925,0,0
1,2,160,1,25.0,1,1,231,30.0,0,0
1,1,805,1,39.0,1,1,10,110.8833,26,1
0,2,224,0,54.0,0,0,87,26.0,0,0
0,1,703,0,36.0,0,0,184,40.125,46,1
0,3,640,0,29.69911764705882,0,0,358,8.7125,0,1
1,1,798,1,18.0,0,2,20,79.65,141,0
0,2,395,0,47.0,0,0,228,15.0,0,0
1,1,267,0,60.0,1,1,188,79.2,70,1
0,3,284,0,22.0,0,0,193,8.05,0,0
0,3,566,0,29.69911764705882,0,0,552,8.05,0,0
0,3,691,0,35.0,0,0,660,7.125,0,0
1,1,783,1,52.0,1,0,103,78.2667,32,1
0,3,238,0,47.0,0,0,568,7.25,0,0
0,3,100,1,29.69911764705882,0,2,486,7.75,0,2
0,2,154,0,37.0,1,0,631,26.0,0,0
0,3,830,0,36.0,1,1,27,24.15,0,0
1,2,470,1,29.69911764705882,0,0,25,33.0,0,0
0,3,409,0,49.0,0,0,16,0.0,0,0
0,3,98,0,29.69911764705882,0,0,272,7.225,0,1
1,1,229,0,49.0,1,0,119,56.9292,50,1
1,2,391,1,24.0,2,1,68,27.0,0,0
0,3,761,0,29.69911764705882,0,0,419,7.8958,0,0
0,1,335,0,29.69911764705882,0,0,170,42.4,0,0
0,3,816,0,44.0,0,0,483,8.05,0,0
1,1,374,0,35.0,0,0,139,26.55,0,1
0,3,483,0,36.0,1,0,453,15.55,0,0
0,3,424,0,30.0,0,0,443,7.8958,0,0
1,1,199,0,27.0,0,0,172,30.5,0,0
1,2,458,1,22.0,1,2,39,41.5792,0,1
1,1,741,1,40.0,0,0,36,153.4625,21,0
0,3,30,1,39.0,1,5,1,31.275,0,0
0,3,394,0,29.69911764705882,0,0,642,7.05,0,0
1,3,568,1,29.69911764705882,1,0,101,15.5,0,2
0,3,377,0,29.69911764705882,0,0,511,7.75,0,2
0,3,110,0,35.0,0,0,484,8.05,0,0
1,2,357,1,24.0,1,2,62,65.0,0,0
0,3,197,0,34.0,1,1,94,14.4,0,0
0,3,488,1,26.0,1,0,112,16.1,0,0
1,2,77,1,4.0,2,1,63,39.0,45,0
0,2,279,0,26.0,0,0,320,10.5,0,0
0,3,875,0,27.0,1,0,80,14.4542,0,1
1,1,439,0,42.0,1,0,175,52.5542,113,0
1,3,573,0,20.0,1,1,79,15.7417,0,1
0,3,327,0,21.0,0,0,457,7.8542,0,0
0,3,103,0,21.0,0,0,109,16.1,0,0
0,1,794,0,61.0,0,0,502,32.3208,123,0
0,2,442,0,57.0,0,0,208,12.35,0,2
1,1,490,1,21.0,0,0,21,77.9583,127,0
0,3,96,0,26.0,0,0,428,7.8958,0,0
0,3,602,0,29.69911764705882,0,0,353,7.7333,0,2
1,1,66,0,80.0,0,0,292,30.0,51,0
0,3,494,0,51.0,0,0,404,7.0542,0,0
1,1,777,0,32.0,0,0,186,30.5,72,1
0,1,635,0,29.69911764705882,0,0,143,0.0,0,0
0,3,757,1,9.0,3,2,4,27.9,0,0
1,2,206,1,28.0,0,0,229,13.0,0,0
0,3,469,0,32.0,0,0,668,7.925,0,0
0,2,173,0,31.0,1,1,32,26.25,0,0
0,3,633,1,41.0,0,5,3,39.6875,0,0
0,3,809,0,29.69911764705882,1,0,107,16.1,0,0
0,3,397,0,20.0,0,0,466,7.8542,0,0
1,1,723,1,24.0,0,0,118,69.3,12,1
0,3,758,1,2.0,3,2,4,27.9,0,0
1,3,252,0,29.69911764705882,0,0,0,56.4958,0,0
1,3,53,1,0.75,2,1,12,19.2583,0,1
1,1,332,0,48.0,1,0,35,76.7292,34,1
0,3,180,0,19.0,0,0,432,7.8958,0,0
1,1,747,0,56.0,0,0,185,35.5,53,1
0,3,865,0,29.69911764705882,0,0,626,7.55,0,0
1,3,780,1,23.0,0,0,595,7.55,0,0
0,3,544,0,29.69911764705882,0,0,425,7.8958,0,0
1,2,218,1,18.0,0,1,65,23.0,0,0
0,3,421,0,21.0,0,0,549,8.4333,0,0
1,3,606,1,29.69911764705882,0,0,344,7.8292,0,2
0,3,352,1,18.0,0,0,490,6.75,0,2
0,2,360,0,24.0,2,0,7,73.5,0,0
0,3,671,0,29.69911764705882,0,0,427,7.8958,0,0
0,3,102,1,32.0,1,1,99,15.5,0,2
0,2,232,0,23.0,0,0,311,13.0,0,0
0,1,584,0,58.0,0,2,29,113.275,121,1
1,1,264,0,50.0,2,0,125,133.65,0,0
0,3,57,0,40.0,0,0,258,7.225,0,1
0,1,171,0,47.0,0,0,534,25.5875,139,0
0,3,167,0,36.0,0,0,416,7.4958,0,0
1,3,484,0,20.0,1,0,664,7.925,0,0
0,2,361,0,32.0,2,0,7,73.5,0,0
0,2,119,0,25.0,0,0,222,13.0,0,0
0,3,699,0,29.69911764705882,0,0,323,7.775,0,0
0,3,179,0,43.0,0,0,565,8.05,0,0
1,1,802,1,29.69911764705882,1,0,61,52.0,22,0
1,2,114,1,40.0,1,1,89,39.0,0,0
0,1,202,0,31.0,1,0,596,52.0,74,0
0,2,543,0,70.0,0,0,584,10.5,0,0
1,2,864,0,31.0,0,0,238,13.0,0,0
0,2,846,0,29.69911764705882,0,0,235,0.0,0,0
0,3,231,0,18.0,0,0,454,7.775,0,0
0,3,730,0,24.5,0,0,361,8.05,0,0
1,3,824,1,18.0,0,0,532,9.8417,0,0
0,3,302,1,43.0,1,6,5,46.9,0,0
1,1,137,0,36.0,0,1,37,512.3292,15,1
0,3,655,1,29.69911764705882,0,0,348,8.1375,0,2
1,1,345,0,27.0,0,0,35,76.7292,122,1
0,3,615,0,20.0,0,0,538,9.225,0,0
0,3,301,0,14.0,5,2,5,46.9,0,0
0,2,112,0,60.0,1,1,89,39.0,0,0
0,2,457,0,25.0,1,2,39,41.5792,0,1
0,3,632,0,14.0,4,1,3,39.6875,0,0
0,3,194,0,19.0,0,0,431,10.1708,0,0
0,3,247,0,18.0,0,0,460,7.7958,0,0
1,1,498,1,15.0,0,1,24,211.3375,14,0
1,1,213,0,31.0,1,0,57,57.0,9,0
1,3,426,1,4.0,0,1,451,13.4167,0,1
1,3,452,0,29.69911764705882,0,0,0,56.4958,0,0
0,3,713,0,25.0,0,0,277,7.225,0,1
0,1,850,0,60.0,0,0,171,26.55,0,0
0,2,153,0,52.0,0,0,247,13.5,0,0
0,3,433,0,44.0,0,0,478,8.05,0,0
1,3,565,1,29.69911764705882,0,0,474,7.7333,0,2
0,1,803,0,49.0,1,1,10,110.8833,26,1
0,3,382,0,42.0,0,0,405,7.65,144,0
1,1,45,1,18.0,1,0,17,227.525,99,1
1,1,743,0,35.0,0,0,603,26.2875,38,0
0,3,63,1,18.0,0,1,85,14.4542,0,1
0,3,275,0,25.0,0,0,498,7.7417,0,2
0,3,326,0,26.0,1,0,455,7.8542,0,0
0,2,556,0,39.0,0,0,75,26.0,0,0
1,2,434,1,45.0,0,0,211,13.5,0,0
1,1,126,0,42.0,0,0,604,26.2875,38,0
1,1,163,1,22.0,0,0,9,151.55,0,0
1,3,561,0,29.69911764705882,1,1,81,15.2458,0,1
1,1,514,1,24.0,0,0,605,49.5042,106,1
0,1,443,0,29.69911764705882,0,0,149,26.55,20,0
1,1,801,0,48.0,1,0,61,52.0,22,0
0,3,459,0,29.0,0,0,543,9.4833,0,0
0,2,307,0,52.0,0,0,73,13.0,0,0
0,3,773,0,19.0,0,0,407,7.65,44,0
1,1,241,1,38.0,0,0,17,227.525,93,1
1,2,822,1,27.0,0,0,360,10.5,5,0
0,3,520,0,29.69911764705882,0,0,491,15.5,0,2
0,3,410,0,33.0,0,0,383,7.775,0,0
1,2,331,1,6.0,0,1,25,33.0,0,0
0,3,399,0,17.0,1,0,465,7.0542,0,0
0,2,286,0,34.0,0,0,182,13.0,0,0
0,2,368,0,50.0,0,0,251,13.0,0,0
1,1,151,0,27.0,1,0,48,53.1,43,0
0,3,617,0,20.0,0,0,333,8.6625,0,0
1,2,677,1,30.0,3,0,91,21.0,0,0
1,3,507,1,29.69911764705882,0,0,500,7.7375,0,2
0,2,115,0,25.0,1,0,226,26.0,0,0
0,3,387,1,25.0,1,0,671,7.925,0,0
1,1,14,1,29.0,0,0,24,211.3375,14,0
0,3,346,0,11.0,0,0,86,18.7875,0,1
0,2,445,0,29.69911764705882,0,0,234,0.0,0,0
0,2,84,0,23.0,0,0,301,13.0,0,0
0,2,820,0,23.0,0,0,218,13.0,0,0
0,3,869,0,28.5,0,0,109,16.1,0,0
0,3,256,1,48.0,1,3,18,34.375,0,0
1,1,476,0,35.0,0,0,37,512.3292,61,1
0,3,389,0,29.69911764705882,0,0,408,7.8958,0,0
0,3,574,0,29.69911764705882,0,0,423,7.8958,0,0
1,1,347,0,29.69911764705882,0,0,194,30.0,118,0
0,1,148,0,36.0,1,0,58,78.85,94,0
1,1,711,1,21.0,2,2,124,262.375,16,1
0,3,526,0,24.0,1,0,519,16.1,0,0
1,3,788,0,31.0,0,0,666,7.925,0,0
0,1,187,0,70.0,1,1,133,71.0,10,0
0,3,1,0,16.0,1,1,114,20.25,0,0
1,2,748,1,30.0,0,0,253,13.0,0,0
0,1,511,0,19.0,1,0,162,53.1,116,0
0,3,176,0,31.0,0,0,354,7.75,0,2
1,2,852,1,4.0,1,1,306,23.0,0,0
1,3,549,0,6.0,0,1,108,12.475,37,0
0,3,833,0,33.0,0,0,377,9.5,0,0
0,3,415,0,23.0,0,0,410,7.8958,0,0
1,2,358,1,48.0,1,2,62,65.0,0,0
1,2,321,0,0.67,1,1,74,14.5,0,0
0,3,138,0,28.0,0,0,461,7.7958,0,0
0,2,58,0,18.0,0,0,309,11.5,0,0
0,3,806,0,34.0,0,0,477,8.05,0,0
1,1,704,1,33.0,0,0,19,86.5,18,0
0,3,276,0,29.69911764705882,0,0,97,14.5,0,0
0,3,591,0,41.0,0,0,650,7.125,0,0
1,3,62,0,20.0,0,0,271,7.2292,0,1
1,1,146,1,36.0,1,2,8,120.0,0,0
0,3,233,0,16.0,0,0,391,7.775,0,0
1,1,369,1,51.0,1,0,21,77.9583,111,0
0,1,109,0,29.69911764705882,0,0,148,39.6,0,1
0,3,506,1,30.5,0,0,487,7.75,0,2
0,3,553,0,29.69911764705882,1,0,31,24.15,0,2
0,3,309,0,32.0,0,0,548,8.3625,0,0
0,3,480,0,24.0,0,0,378,9.5,0,0
0,3,398,0,48.0,0,0,464,7.8542,0,0
0,2,496,1,57.0,0,0,130,10.5,142,0
0,3,235,0,29.69911764705882,0,0,278,7.225,0,1
1,2,367,1,54.0,1,3,308,23.0,0,0
0,3,569,0,18.0,0,0,393,7.75,0,0
0,3,812,0,29.69911764705882,0,0,522,7.75,145,2
1,3,239,1,5.0,0,0,98,12.475,0,0
0,3,438,0,29.69911764705882,0,0,499,7.7375,0,2
1,1,694,1,43.0,0,1,24,211.3375,64,0
1,3,50,1,13.0,0,0,284,7.2292,0,1
1,1,214,1,17.0,1,0,57,57.0,9,0
0,1,489,0,29.0,0,0,156,30.0,125,0
0,3,414,0,29.69911764705882,1,2,132,23.45,0,0
0,3,13,0,25.0,0,0,647,7.05,0,0
0,3,330,0,25.0,0,0,517,7.25,0,0
1,3,753,1,18.0,0,0,313,7.4958,0,0
0,3,683,0,8.0,4,1,6,29.125,0,2
1,3,208,0,1.0,1,2,113,20.575,0,0
0,1,310,0,46.0,0,0,122,79.2,79,1
0,3,429,0,29.69911764705882,0,0,183,7.75,0,2
0,2,278,0,16.0,0,0,67,26.0,0,0
0,3,719,1,29.69911764705882,8,2,2,69.55,0,0
0,1,380,0,29.69911764705882,0,0,614,30.6958,0,1
0,3,201,0,25.0,0,0,409,7.8958,0,0
0,2,621,0,39.0,0,0,297,13.0,0,0
1,1,462,1,49.0,0,0,197,25.9292,31,0
1,3,619,1,31.0,0,0,441,8.6833,0,0
0,3,384,0,30.0,0,0,282,7.2292,0,1
0,3,831,1,30.0,1,1,27,24.15,0,0
0,2,666,0,34.0,0,0,73,13.0,0,0
1,2,174,1,31.0,1,1,32,26.25,0,0
1,1,142,0,11.0,1,2,8,120.0,0,0
1,3,807,0,0.42,0,1,260,8.5167,0,1
1,3,351,0,27.0,0,0,398,6.975,0,0
0,3,406,0,31.0,0,0,384,7.775,0,0
0,1,34,0,39.0,0,0,142,0.0,57,0
0,3,660,1,18.0,0,0,397,7.775,0,0
0,2,534,0,39.0,0,0,246,13.0,0,0
1,1,152,1,33.0,1,0,48,53.1,43,0
0,3,10,0,26.0,0,0,399,7.8875,0,0
0,3,475,0,39.0,0,0,111,24.15,0,0
0,2,763,0,35.0,0,0,296,10.5,0,0
0,3,23,1,6.0,4,2,1,31.275,0,0
0,3,814,0,30.5,0,0,480,8.05,0,0
0,1,269,0,29.69911764705882,0,0,145,0.0,62,0
0,3,354,1,23.0,0,0,674,7.925,0,0
0,2,504,0,31.0,1,1,129,37.0042,0,1
0,3,371,0,43.0,0,0,578,6.45,0,0
0,3,756,0,10.0,3,2,4,27.9,0,0
1,1,349,1,52.0,1,1,53,93.5,73,0
1,3,493,0,27.0,0,0,336,8.6625,0,0
0,1,678,0,38.0,0,0,202,0.0,0,0
1,3,550,1,27.0,0,1,108,12.475,37,0
0,3,630,0,2.0,4,1,3,39.6875,0,0
0,3,250,0,29.69911764705882,0,0,497,6.95,0,2
0,3,453,0,29.69911764705882,0,0,0,56.4958,0,0
1,2,503,0,1.0,0,2,129,37.0042,0,1
1,3,516,0,29.69911764705882,0,0,492,7.75,0,2
1,1,785,1,62.0,0,0,43,80.0,11,0
1,3,876,1,15.0,1,0,80,14.4542,0,1
1,2,686,0,0.83,1,1,26,18.75,0,0
0,3,712,0,29.69911764705882,0,0,276,7.2292,0,1
0,3,49,0,23.0,0,0,402,7.8542,0,0
0,3,19,0,18.0,0,0,210,8.3,0,0
1,1,175,1,39.0,1,1,622,83.1583,137,1
0,3,638,0,21.0,0,0,335,8.6625,0,0
0,3,750,0,29.69911764705882,0,0,526,8.05,0,0
1,3,158,0,32.0,0,0,0,56.4958,0,0
1,1,508,0,29.69911764705882,0,0,180,29.7,95,1
0,3,11,0,20.0,0,0,651,7.925,0,0
0,2,564,0,16.0,0,0,130,10.5,0,0
1,1,734,1,30.0,0,0,46,31.0,0,1
0,3,471,0,34.5,0,0,281,6.4375,0,1
0,3,189,0,17.0,0,0,331,8.6625,0,0
0,3,0,0,42.0,0,0,592,7.55,0,0
0,3,720,0,29.69911764705882,8,2,2,69.55,0,0
0,3,509,0,35.0,0,0,418,7.8958,0,1
0,2,334,0,28.0,0,1,25,33.0,0,0
1,1,291,1,29.69911764705882,1,0,56,89.1042,29,1
0,3,22,0,4.0,4,2,1,31.275,0,0
0,3,795,0,74.0,0,0,381,7.775,0,0
0,3,97,1,9.0,1,1,84,15.2458,0,1
1,1,485,1,16.0,0,1,609,39.4,115,0
0,2,145,1,44.0,1,0,69,26.0,0,0
1,3,8,1,18.0,0,1,525,9.35,0,0
1,1,860,1,45.0,1,1,102,164.8667,0,0
1,1,196,0,51.0,0,0,153,26.55,130,0
1,3,56,1,24.0,0,3,12,19.2583,0,1
0,3,672,0,29.69911764705882,0,0,263,7.2292,0,1
0,3,325,0,41.0,2,0,456,14.1083,0,0
0,2,283,0,21.0,1,0,295,11.5,0,0
1,1,797,1,48.0,0,0,198,25.9292,31,0
0,3,718,1,29.69911764705882,8,2,2,69.55,0,0
0,2,285,0,24.0,0,0,219,13.0,0,0
1,2,122,1,42.0,0,0,225,13.0,0,0
1,2,230,1,27.0,1,0,637,13.8583,0,1
0,1,696,0,31.0,0,0,608,50.4958,52,0
0,3,890,0,29.69911764705882,0,0,374,9.5,0,0
1,3,407,0,4.0,1,1,28,11.1333,0,0
0,3,59,0,26.0,0,0,445,7.8958,0,0
1,1,79,1,47.0,1,1,50,52.5542,35,0
0,1,139,0,33.0,0,0,540,5.0,15,0
0,3,836,0,47.0,0,0,369,9.0,0,0
1,2,4,1,28.0,1,0,117,24.0,0,1
1,3,571,1,15.0,0,0,273,7.225,0,1
0,3,311,0,20.0,0,0,110,9.8458,0,0
0,3,657,0,19.0,0,0,417,7.8958,0,0
0,3,451,0,29.69911764705882,0,0,422,7.8958,0,0
1,1,668,1,56.0,0,1,51,83.1583,97,1
1,2,739,1,25.0,0,1,64,26.0,0,0
0,3,510,0,33.0,0,0,452,7.8958,0,0
0,3,193,1,22.0,0,0,545,10.5167,0,0
0,2,61,0,28.0,0,0,594,10.5,0,0
0,3,793,0,25.0,0,0,654,7.05,0,0
0,3,684,1,39.0,0,5,6,29.125,0,2
0,2,548,0,27.0,0,0,205,13.0,0,0
1,1,303,1,19.0,0,0,144,30.0,71,0
0,3,413,1,29.69911764705882,1,2,132,23.45,0,0
1,1,81,0,26.0,0,0,138,30.0,90,1
0,3,220,0,32.0,0,0,510,7.75,0,2
